{"cameraMode":{"drawMode":0,"name":"Shaded","section":"Shading Mode"},"sceneLighting":true,"audioPlay":false,"sceneViewState":{"m_AlwaysRefresh":false,"showFog":true,"showSkybox":true,"showFlares":true,"showImageEffects":true,"showParticleSystems":true,"showVisualEffectGraphs":true,"m_FxEnabled":true},"in2DMode":false,"pivot":{"x":0.3532441556453705,"y":-0.7237299680709839,"z":0.6352701187133789},"rotation":{"x":0.07641994208097458,"y":0.011964618228375912,"z":-0.0009170835837721825,"w":0.9970037341117859},"size":6.511124610900879,"orthographic":false}